<keymap version="1" name="macOS copy" parent="Mac OS X 10.5+">
  <action id="$Delete">
    <keyboard-shortcut first-keystroke="delete" />
    <keyboard-shortcut first-keystroke="back_space" />
  </action>
  <action id="Arrangement.Alias.Rule.Match.Condition.Move.Down" />
  <action id="Arrangement.Rule.Group.Condition.Move.Down" />
  <action id="Arrangement.Rule.Group.Condition.Move.Up" />
  <action id="Arrangement.Rule.Match.Condition.Move.Down" />
  <action id="Arrangement.Rule.Match.Condition.Move.Up" />
  <action id="Back">
    <keyboard-shortcut first-keystroke="ctrl alt left" />
  </action>
  <action id="BookmarksView.Delete">
    <keyboard-shortcut first-keystroke="delete" />
    <keyboard-shortcut first-keystroke="back_space" />
  </action>
  <action id="ChangesView.ToggleCommitUi" />
  <action id="CheckinProject" />
  <action id="CommentByBlockComment" />
  <action id="CompareTwoFiles" />
  <action id="ConsoleView.ClearAll">
    <keyboard-shortcut first-keystroke="meta k" />
  </action>
  <action id="CopyAbsolutePath" />
  <action id="CopyPaths" />
  <action id="Diff.ShowDiff" />
  <action id="Documentation.EditSource">
    <keyboard-shortcut first-keystroke="f4" />
  </action>
  <action id="DomCollectionControl.Edit">
    <keyboard-shortcut first-keystroke="f4" />
  </action>
  <action id="DomElementsTreeView.DeleteElement">
    <keyboard-shortcut first-keystroke="delete" />
    <keyboard-shortcut first-keystroke="back_space" />
  </action>
  <action id="DomElementsTreeView.GotoDomElementDeclarationAction">
    <keyboard-shortcut first-keystroke="f4" />
  </action>
  <action id="EditSource">
    <keyboard-shortcut first-keystroke="f4" />
  </action>
  <action id="EditorDeleteLine">
    <keyboard-shortcut first-keystroke="meta d" />
  </action>
  <action id="EditorDeleteToLineStart">
    <keyboard-shortcut first-keystroke="meta back_space" />
  </action>
  <action id="EditorDuplicate">
    <keyboard-shortcut first-keystroke="shift meta c" />
  </action>
  <action id="EditorIndentLineOrSelection">
    <keyboard-shortcut first-keystroke="meta close_bracket" />
  </action>
  <action id="EditorSelectWord" />
  <action id="EditorSortLines">
    <keyboard-shortcut first-keystroke="shift meta s" />
  </action>
  <action id="EditorTextEnd">
    <keyboard-shortcut first-keystroke="meta down" />
  </action>
  <action id="EditorTextEndWithSelection">
    <keyboard-shortcut first-keystroke="shift meta down" />
  </action>
  <action id="EditorTextStart">
    <keyboard-shortcut first-keystroke="meta up" />
  </action>
  <action id="EditorTextStartWithSelection">
    <keyboard-shortcut first-keystroke="shift meta up" />
  </action>
  <action id="EditorUnSelectWord" />
  <action id="EditorUnindentSelection">
    <keyboard-shortcut first-keystroke="meta open_bracket" />
  </action>
  <action id="EmmetNextEditPoint" />
  <action id="EmmetPreviousEditPoint" />
  <action id="ExternalSystem.OpenConfig">
    <keyboard-shortcut first-keystroke="f4" />
  </action>
  <action id="FileChooser.GotoDesktop" />
  <action id="FileChooserList.LevelUp" />
  <action id="FindInPath" />
  <action id="Forward">
    <keyboard-shortcut first-keystroke="ctrl alt right" />
  </action>
  <action id="Git.Commit.Stage" />
  <action id="Github.PullRequest.Comments.Reload" />
  <action id="Github.PullRequest.Details.Reload" />
  <action id="GotoClass" />
  <action id="MethodOverloadSwitchDown" />
  <action id="MethodOverloadSwitchUp" />
  <action id="MoveLineDown">
    <keyboard-shortcut first-keystroke="alt down" />
  </action>
  <action id="MoveLineUp">
    <keyboard-shortcut first-keystroke="alt up" />
  </action>
  <action id="MoveStatementDown" />
  <action id="MoveStatementUp" />
  <action id="NavBar-navigate">
    <keyboard-shortcut first-keystroke="f4" />
  </action>
  <action id="NextTab">
    <keyboard-shortcut first-keystroke="meta alt right" />
  </action>
  <action id="PreviousTab">
    <keyboard-shortcut first-keystroke="meta alt left" />
  </action>
  <action id="ProjectViewEditSource">
    <keyboard-shortcut first-keystroke="f4" />
  </action>
  <action id="ReformatCode">
    <keyboard-shortcut first-keystroke="shift meta f" />
  </action>
  <action id="Refresh" />
  <action id="ReopenClosedTab">
    <keyboard-shortcut first-keystroke="shift meta w" />
  </action>
  <action id="Replace">
    <keyboard-shortcut first-keystroke="meta h" />
  </action>
  <action id="Rerun" />
  <action id="ResizeToolWindowLeft" />
  <action id="ResizeToolWindowRight" />
  <action id="RunDashboard.CopyConfiguration" />
  <action id="SearchEverywhere.NavigateToNextGroup">
    <keyboard-shortcut first-keystroke="page_down" />
  </action>
  <action id="SearchEverywhere.NavigateToPrevGroup">
    <keyboard-shortcut first-keystroke="page_up" />
  </action>
  <action id="SearchEverywhereNewToolbarAction">
    <keyboard-shortcut first-keystroke="meta o" />
  </action>
  <action id="SendEOF" />
  <action id="ShowNavBar">
    <keyboard-shortcut first-keystroke="alt home" />
  </action>
  <action id="ShowSearchHistory" />
  <action id="SmartSelect" />
  <action id="SmartUnSelect" />
  <action id="Svn.RefreshWorkingCopies" />
  <action id="Terminal.ClearBuffer">
    <keyboard-shortcut first-keystroke="meta l" />
  </action>
  <action id="Tree-selectLastExtendSelection" />
  <action id="UsageView.Exclude">
    <keyboard-shortcut first-keystroke="delete" />
    <keyboard-shortcut first-keystroke="back_space" />
  </action>
  <action id="UsageView.ShowRecentFindUsages" />
  <action id="Vcs.EditSource">
    <keyboard-shortcut first-keystroke="f4" />
  </action>
  <action id="Vcs.Log.Refresh" />
  <action id="WelcomeScreen.CopyProjectPath" />
  <action id="XDebugger.CopyWatch" />
  <action id="XDebugger.JumpToSource">
    <keyboard-shortcut first-keystroke="f4" />
  </action>
  <action id="org.intellij.plugins.markdown.ui.actions.styling.ToggleCodeSpanAction" />
  <action id="org.intellij.plugins.markdown.ui.actions.styling.ToggleStrikethroughAction" />
  <action id="runShellFileAction">
    <keyboard-shortcut first-keystroke="shift ctrl r" />
    <keyboard-shortcut first-keystroke="meta r" />
  </action>
</keymap>