<application>
  <component name="FeatureSuggesterSettings">
    <option name="workingDays">
      <list>
        <option value="1696219362833" />
        <option value="1696294181651" />
        <option value="1696376246079" />
        <option value="1696916311947" />
        <option value="1696969562690" />
        <option value="1697054016912" />
        <option value="1697094005062" />
        <option value="1697494149520" />
        <option value="1697566838921" />
        <option value="1697645043858" />
        <option value="1697699007495" />
        <option value="1697786286590" />
        <option value="1698100932032" />
        <option value="1698178598614" />
        <option value="1698252083711" />
        <option value="1698362086737" />
        <option value="1698430530563" />
        <option value="1698632723102" />
        <option value="1698687808274" />
        <option value="1698778136867" />
        <option value="1698862468230" />
        <option value="1699204908821" />
        <option value="1707840551814" />
        <option value="1708442862250" />
        <option value="1711724352427" />
        <option value="1713375339488" />
        <option value="1714491232265" />
        <option value="1714588015807" />
        <option value="1717221932212" />
        <option value="1717335112682" />
      </list>
    </option>
  </component>
</application>